---
title: 2020-09-30 TIL
date: 2020-09-30
tag: [TIL]
---

## Facts

- MySQL JOIN에 대해 공부하였습니다.

## Feelings

- 그 동안 미뤄왔던 것들을 오늘 공부했는데, 아! 이게 이런거였구나! 하면서 깨달은 후련함이 있었습니다.

## Findings

- **MySQL JOIN**
  - `기본`  
    topic 테이블의 모든 정보를 가져온다.

      ```sql
      SELECT * FROM topic;
      ```

  - `LEFT JOIN`  
    topic 테이블을 다 가져오는데 이를 LEFT에 붙이고, TOPIC의 author_id(외래키)와 AUTHOR의 aid(기본키)를 바탕으로 이에 매칭되도록 author 테이블을 오른쪽에 붙이고자 한다. RIGHT JOIN은 LEFT JOIN과 같은데 테이블을 기준으로 왼쪽에 붙이는 것이다.

      ```sql
      SELECT * FROM topic
      LEFT JOIN author ON topic.author_id = author.aid;
      ```

  - `INNER JOIN`  
    LEFT JOIN과 쓰는 방법은 동일하다. 이 역시 topic 테이블에 AUTHOR를 붙인다는 것인데, LEFT JOIN과 다른 점은 NULL인 값에 대해서는 제거한다는 뜻이다. 즉, TOPIC과 author 테이블의 필드들 중 하나라도 NULL이면 이는 포함되지 않는다.

      ```sql
      SELECT * FROM topic
      INNER JOIN author ON topic.author_id = author.aid;
      ```
  
  - `FULL OUTER JOIN`  
    자주 사용하지 않는 JOIN이다. FULL OUTER JOIN은 LEFT JOIN과 RIGHT JOIN한 결과를 합쳐서 중복을 제거한 것이다.

      ```sql
      SELECT * FROM topic
      FULL OUTER JOIN author ON topic.author_id = author.aid;
      ```

      하지만 몇몇 MySQL에서는 FULL OUTER JOIN을 지원하지 않아서, UNION이라는 키워드를 활용해 LEFT JOIN과 RIGHT JOIN을 합쳐 주어야 한다. 참고로 UNION에는 중복 제거 (DISTINCT)가 내포되어있다.

      ```sql
      (SELECT * FROM topic
      LEFT JOIN author ON topic.author_id = author.aid)
      UNION
      (SELECT * FROM topic
      RIGHT JOIN author ON topic.author_id = author.aid);
      ```
  
  - MySQL JOIN 실습

      ```bash
      # 사용할 테이블 TOPIC
      mysql> SELECT * FROM topic;
      +-----+------------+------------------+-----------+
      | tid | title      | description      | author_id |
      +-----+------------+------------------+-----------+
      |   1 | HTML       | HTML is ...      | 1         |
      |   2 | CSS        | CSS is ...       | 2         |
      |   3 | JavaScript | JavaScript is .. | 1         |
      |   4 | Database   | Database is ...  | NULL      |
      +-----+------------+------------------+-----------+
      4 rows in set (0.00 sec)

      # 사용할 테이블 AUTHOR
      mysql> SELECT * FROM author;
      +-----+----------+--------+------------+
      | aid | name     | city   | profile_id |
      +-----+----------+--------+------------+
      |   1 | egoing   | seoul  |          1 |
      |   2 | leezche  | jeju   |          2 |
      |   3 | blackdew | namhae |          3 |
      +-----+----------+--------+------------+
      3 rows in set (0.00 sec)

      # 사용할 테이블 PROFILE
      mysql> SELECT * FROM profile;
      +-----+-----------+------------------+
      | pid | title     | description      |
      +-----+-----------+------------------+
      |   1 | developer | developer is ... |
      |   2 | designer  | designer is ..   |
      |   3 | DBA       | DBA is ...       |
      +-----+-----------+------------------+
      3 rows in set (0.00 sec)





      # LEFT JOIN
      mysql> SELECT * FROM topic LEFT JOIN author ON topic.author_id = author.aid;
      +-----+------------+------------------+-----------+------+---------+-------+------------+
      | tid | title      | description      | author_id | aid  | name    | city  | profile_id |
      +-----+------------+------------------+-----------+------+---------+-------+------------+
      |   1 | HTML       | HTML is ...      | 1         |    1 | egoing  | seoul |          1 |
      |   3 | JavaScript | JavaScript is .. | 1         |    1 | egoing  | seoul |          1 |
      |   2 | CSS        | CSS is ...       | 2         |    2 | leezche | jeju  |          2 |
      |   4 | Database   | Database is ...  | NULL      | NULL | NULL    | NULL  |       NULL |
      +-----+------------+------------------+-----------+------+---------+-------+------------+
      4 rows in set (0.00 sec)

      # LEFT JOIN 연속
      mysql> SELECT * FROM topic LEFT JOIN author ON topic.author_id = author.aid LEFT JOIN profile ON author.profile_id = profile.pid;
      +-----+------------+------------------+-----------+------+---------+-------+------------+------+-----------+------------------+
      | tid | title      | description      | author_id | aid  | name    | city  | profile_id | pid  | title     | description      |
      +-----+------------+------------------+-----------+------+---------+-------+------------+------+-----------+------------------+
      |   1 | HTML       | HTML is ...      | 1         |    1 | egoing  | seoul |          1 |    1 | developer | developer is ... |
      |   3 | JavaScript | JavaScript is .. | 1         |    1 | egoing  | seoul |          1 |    1 | developer | developer is ... |
      |   2 | CSS        | CSS is ...       | 2         |    2 | leezche | jeju  |          2 |    2 | designer  | designer is ..   |
      |   4 | Database   | Database is ...  | NULL      | NULL | NULL    | NULL  |       NULL | NULL | NULL      | NULL             |
      +-----+------------+------------------+-----------+------+---------+-------+------------+------+-----------+------------------+
      4 rows in set (0.00 sec)





      # INNER JOIN
      mysql> SELECT * FROM topic INNER JOIN author ON topic.author_id = author.aid;
      +-----+------------+------------------+-----------+-----+---------+-------+------------+
      | tid | title      | description      | author_id | aid | name    | city  | profile_id |
      +-----+------------+------------------+-----------+-----+---------+-------+------------+
      |   1 | HTML       | HTML is ...      | 1         |   1 | egoing  | seoul |          1 |
      |   2 | CSS        | CSS is ...       | 2         |   2 | leezche | jeju  |          2 |
      |   3 | JavaScript | JavaScript is .. | 1         |   1 | egoing  | seoul |          1 |
      +-----+------------+------------------+-----------+-----+---------+-------+------------+
      3 rows in set (0.00 sec)





      # FULL OUTER JOIN
      mysql> (SELECT * FROM topic LEFT JOIN author ON topic.author_id = author.aid) UNION (SELECT * FROM topic RIGHT JOIN author ON topic.author_id = author.aid);
      +------+------------+------------------+-----------+------+----------+--------+------------+
      | tid  | title      | description      | author_id | aid  | name     | city   | profile_id |
      +------+------------+------------------+-----------+------+----------+--------+------------+
      |    1 | HTML       | HTML is ...      | 1         |    1 | egoing   | seoul  |          1 |
      |    3 | JavaScript | JavaScript is .. | 1         |    1 | egoing   | seoul  |          1 |
      |    2 | CSS        | CSS is ...       | 2         |    2 | leezche  | jeju   |          2 |
      |    4 | Database   | Database is ...  | NULL      | NULL | NULL     | NULL   |       NULL |
      | NULL | NULL       | NULL             | NULL      |    3 | blackdew | namhae |          3 |
      +------+------------+------------------+-----------+------+----------+--------+------------+
      5 rows in set (0.00 sec)

      ```

## Future Action Plans

- 오늘 연휴라고 조금 공부를 게을리 한 면이 있는 것 같은데 내일부터는 열심히 하도록 하겠습니다.

## Feedback

- OK
